T1,T2,VST3,ST3,MT3,T4,No
1.0,1.0,1.0,0.9954786126479862,0.8920692819720503,0.5216445190423812,0.44606690680068156
